experiment,k,instance_id,run_id,instance_seed,run_seed,algorithm,variant,budget_ms,time_ms,F,D,tardiness,gap_to_best_pct
ablation,32,0,0,23460524,20580524,LNS,full,300.000000,300.107100,10669.000000,932,9737,4.669871
ablation,32,0,0,23460524,20580524,LNS,no_regret,300.000000,300.123100,10213.000000,916,9297,0.196213
ablation,32,0,0,23460524,20580524,LNS,no_adaptive_weight,300.000000,300.172400,10587.000000,940,9647,3.865398
ablation,32,0,0,23460524,20580524,LNS,no_local_search,300.000000,300.142500,11610.000000,984,10626,13.901697
ablation,32,0,0,23460524,20580524,LNS,no_probability_acceptance,300.000000,300.103600,10703.000000,942,9761,5.003434
ablation,32,0,0,23460524,20580524,LNS,destroy_ratio_0.15,300.000000,300.108900,10193.000000,926,9267,0.000000
ablation,32,0,0,23460524,20580524,LNS,destroy_ratio_0.45,300.000000,300.052200,11232.000000,972,10260,10.193270
ablation,32,0,1,23460524,20581533,LNS,full,300.000000,300.155500,10667.000000,930,9737,0.784203
ablation,32,0,1,23460524,20581533,LNS,no_regret,300.000000,300.402700,10584.000000,918,9666,0.000000
ablation,32,0,1,23460524,20581533,LNS,no_adaptive_weight,300.000000,300.177100,10605.000000,934,9671,0.198413
ablation,32,0,1,23460524,20581533,LNS,no_local_search,300.000000,300.155100,11345.000000,944,10401,7.190098
ablation,32,0,1,23460524,20581533,LNS,no_probability_acceptance,300.000000,300.348200,10616.000000,944,9672,0.302343
ablation,32,0,1,23460524,20581533,LNS,destroy_ratio_0.15,300.000000,300.062100,10681.000000,924,9757,0.916478
ablation,32,0,1,23460524,20581533,LNS,destroy_ratio_0.45,300.000000,300.459500,11091.000000,946,10145,4.790249
ablation,32,0,2,23460524,20582542,LNS,full,300.000000,300.208900,10417.000000,926,9491,2.197587
ablation,32,0,2,23460524,20582542,LNS,no_regret,300.000000,300.232900,10721.000000,934,9787,5.180026
ablation,32,0,2,23460524,20582542,LNS,no_adaptive_weight,300.000000,300.082900,10661.000000,940,9721,4.591386
ablation,32,0,2,23460524,20582542,LNS,no_local_search,300.000000,300.180900,11381.000000,952,10429,11.655057
ablation,32,0,2,23460524,20582542,LNS,no_probability_acceptance,300.000000,300.383200,10923.000000,940,9983,7.161778
ablation,32,0,2,23460524,20582542,LNS,destroy_ratio_0.15,300.000000,300.118800,10193.000000,926,9267,0.000000
ablation,32,0,2,23460524,20582542,LNS,destroy_ratio_0.45,300.000000,300.816700,10773.000000,956,9817,5.690180
ablation,32,1,0,23460621,20580625,LNS,full,300.000000,300.133800,13090.000000,1218,11872,0.398834
ablation,32,1,0,23460621,20580625,LNS,no_regret,300.000000,300.126300,13038.000000,1212,11826,0.000000
ablation,32,1,0,23460621,20580625,LNS,no_adaptive_weight,300.000000,300.102900,13104.000000,1206,11898,0.506213
ablation,32,1,0,23460621,20580625,LNS,no_local_search,300.000000,300.191500,13990.000000,1234,12756,7.301733
ablation,32,1,0,23460621,20580625,LNS,no_probability_acceptance,300.000000,300.046700,13191.000000,1208,11983,1.173493
ablation,32,1,0,23460621,20580625,LNS,destroy_ratio_0.15,300.000000,300.112100,13064.000000,1204,11860,0.199417
ablation,32,1,0,23460621,20580625,LNS,destroy_ratio_0.45,300.000000,300.370600,13146.000000,1214,11932,0.828348
ablation,32,1,1,23460621,20581634,LNS,full,300.000000,300.136900,13106.000000,1206,11900,0.444513
ablation,32,1,1,23460621,20581634,LNS,no_regret,300.000000,300.165300,13064.000000,1204,11860,0.122624
ablation,32,1,1,23460621,20581634,LNS,no_adaptive_weight,300.000000,300.120900,13172.000000,1216,11956,0.950337
ablation,32,1,1,23460621,20581634,LNS,no_local_search,300.000000,300.174800,14382.000000,1274,13108,10.223789
ablation,32,1,1,23460621,20581634,LNS,no_probability_acceptance,300.000000,300.227300,13135.000000,1214,11921,0.666769
ablation,32,1,1,23460621,20581634,LNS,destroy_ratio_0.15,300.000000,300.059400,13048.000000,1214,11834,0.000000
ablation,32,1,1,23460621,20581634,LNS,destroy_ratio_0.45,300.000000,300.086100,13323.000000,1226,12097,2.107603
ablation,32,1,2,23460621,20582643,LNS,full,300.000000,300.168400,13098.000000,1204,11894,0.367816
ablation,32,1,2,23460621,20582643,LNS,no_regret,300.000000,300.093600,13050.000000,1214,11836,0.000000
ablation,32,1,2,23460621,20582643,LNS,no_adaptive_weight,300.000000,300.167100,13221.000000,1220,12001,1.310345
ablation,32,1,2,23460621,20582643,LNS,no_local_search,300.000000,300.119400,14404.000000,1258,13146,10.375479
ablation,32,1,2,23460621,20582643,LNS,no_probability_acceptance,300.000000,300.083700,13173.000000,1220,11953,0.942529
ablation,32,1,2,23460621,20582643,LNS,destroy_ratio_0.15,300.000000,300.071300,13064.000000,1204,11860,0.107280
ablation,32,1,2,23460621,20582643,LNS,destroy_ratio_0.45,300.000000,300.371300,13397.000000,1216,12181,2.659004
ablation,32,2,0,23460718,20580726,LNS,full,300.000000,300.118800,14621.000000,1304,13317,0.000000
ablation,32,2,0,23460718,20580726,LNS,no_regret,300.000000,300.125900,14623.000000,1304,13319,0.013679
ablation,32,2,0,23460718,20580726,LNS,no_adaptive_weight,300.000000,300.220400,15299.000000,1328,13971,4.637166
ablation,32,2,0,23460718,20580726,LNS,no_local_search,300.000000,300.185800,15721.000000,1338,14383,7.523425
ablation,32,2,0,23460718,20580726,LNS,no_probability_acceptance,300.000000,300.151900,14659.000000,1302,13357,0.259900
ablation,32,2,0,23460718,20580726,LNS,destroy_ratio_0.15,300.000000,300.042900,14945.000000,1312,13633,2.215991
ablation,32,2,0,23460718,20580726,LNS,destroy_ratio_0.45,300.000000,300.306800,15982.000000,1388,14594,9.308529
ablation,32,2,1,23460718,20581735,LNS,full,300.000000,300.042700,14659.000000,1302,13357,0.314788
ablation,32,2,1,23460718,20581735,LNS,no_regret,300.000000,300.685100,14613.000000,1304,13309,0.000000
ablation,32,2,1,23460718,20581735,LNS,no_adaptive_weight,300.000000,300.266500,14679.000000,1310,13369,0.451653
ablation,32,2,1,23460718,20581735,LNS,no_local_search,300.000000,300.346600,15721.000000,1348,14373,7.582290
ablation,32,2,1,23460718,20581735,LNS,no_probability_acceptance,300.000000,300.024300,14711.000000,1308,13403,0.670636
ablation,32,2,1,23460718,20581735,LNS,destroy_ratio_0.15,300.000000,300.039400,14613.000000,1302,13311,0.000000
ablation,32,2,1,23460718,20581735,LNS,destroy_ratio_0.45,300.000000,300.189400,15409.000000,1330,14079,5.447205
ablation,32,2,2,23460718,20582744,LNS,full,300.000000,300.170100,14639.000000,1310,13329,0.177924
ablation,32,2,2,23460718,20582744,LNS,no_regret,300.000000,300.234700,14627.000000,1304,13323,0.095805
ablation,32,2,2,23460718,20582744,LNS,no_adaptive_weight,300.000000,300.085600,14751.000000,1314,13437,0.944365
ablation,32,2,2,23460718,20582744,LNS,no_local_search,300.000000,300.217800,14963.000000,1310,13653,2.395128
ablation,32,2,2,23460718,20582744,LNS,no_probability_acceptance,300.000000,300.372600,14739.000000,1314,13425,0.862246
ablation,32,2,2,23460718,20582744,LNS,destroy_ratio_0.15,300.000000,300.136600,14613.000000,1302,13311,0.000000
ablation,32,2,2,23460718,20582744,LNS,destroy_ratio_0.45,300.000000,300.337400,15323.000000,1336,13987,4.858687
ablation,32,3,0,23460815,20580827,LNS,full,300.000000,300.084700,11570.000000,944,10626,0.329518
ablation,32,3,0,23460815,20580827,LNS,no_regret,300.000000,300.046400,11588.000000,966,10622,0.485605
ablation,32,3,0,23460815,20580827,LNS,no_adaptive_weight,300.000000,300.049400,11768.000000,962,10806,2.046479
ablation,32,3,0,23460815,20580827,LNS,no_local_search,300.000000,300.015600,12392.000000,982,11410,7.457510
ablation,32,3,0,23460815,20580827,LNS,no_probability_acceptance,300.000000,300.121500,11845.000000,950,10895,2.714187
ablation,32,3,0,23460815,20580827,LNS,destroy_ratio_0.15,300.000000,300.287100,11532.000000,948,10584,0.000000
ablation,32,3,0,23460815,20580827,LNS,destroy_ratio_0.45,300.000000,300.565800,12191.000000,994,11197,5.714533
ablation,32,3,1,23460815,20581836,LNS,full,300.000000,300.013000,11722.000000,964,10758,1.612344
ablation,32,3,1,23460815,20581836,LNS,no_regret,300.000000,300.234600,11553.000000,942,10611,0.147365
ablation,32,3,1,23460815,20581836,LNS,no_adaptive_weight,300.000000,300.190200,11744.000000,984,10760,1.803051
ablation,32,3,1,23460815,20581836,LNS,no_local_search,300.000000,300.171200,13152.000000,1010,12142,14.008322
ablation,32,3,1,23460815,20581836,LNS,no_probability_acceptance,300.000000,300.089400,11706.000000,962,10744,1.473648
ablation,32,3,1,23460815,20581836,LNS,destroy_ratio_0.15,300.000000,300.019800,11536.000000,948,10588,0.000000
ablation,32,3,1,23460815,20581836,LNS,destroy_ratio_0.45,300.000000,306.109800,12677.000000,992,11685,9.890777
ablation,32,3,2,23460815,20582845,LNS,full,300.000000,300.186600,12173.000000,974,11199,4.131737
ablation,32,3,2,23460815,20582845,LNS,no_regret,300.000000,300.564100,11690.000000,952,10738,0.000000
ablation,32,3,2,23460815,20582845,LNS,no_adaptive_weight,300.000000,301.279700,12001.000000,950,11051,2.660393
ablation,32,3,2,23460815,20582845,LNS,no_local_search,300.000000,300.885300,13322.000000,1006,12316,13.960650
ablation,32,3,2,23460815,20582845,LNS,no_probability_acceptance,300.000000,301.696800,11694.000000,938,10756,0.034217
ablation,32,3,2,23460815,20582845,LNS,destroy_ratio_0.15,300.000000,300.192000,11691.000000,948,10743,0.008554
ablation,32,3,2,23460815,20582845,LNS,destroy_ratio_0.45,300.000000,301.286100,12499.000000,988,11511,6.920445
ablation,32,4,0,23460912,20580928,LNS,full,300.000000,300.542700,10793.000000,908,9885,1.428437
ablation,32,4,0,23460912,20580928,LNS,no_regret,300.000000,300.578900,10717.000000,906,9811,0.714219
ablation,32,4,0,23460912,20580928,LNS,no_adaptive_weight,300.000000,300.577900,11197.000000,954,10243,5.225073
ablation,32,4,0,23460912,20580928,LNS,no_local_search,300.000000,300.862900,12881.000000,966,11915,21.050653
ablation,32,4,0,23460912,20580928,LNS,no_probability_acceptance,300.000000,301.135800,11783.000000,920,10863,10.732074
ablation,32,4,0,23460912,20580928,LNS,destroy_ratio_0.15,300.000000,301.779400,10641.000000,928,9713,0.000000
ablation,32,4,0,23460912,20580928,LNS,destroy_ratio_0.45,300.000000,303.606600,12200.000000,952,11248,14.650879
ablation,32,4,1,23460912,20581937,LNS,full,300.000000,300.464000,10753.000000,928,9825,1.357338
ablation,32,4,1,23460912,20581937,LNS,no_regret,300.000000,300.722900,10791.000000,906,9885,1.715525
ablation,32,4,1,23460912,20581937,LNS,no_adaptive_weight,300.000000,301.044500,10707.000000,900,9807,0.923744
ablation,32,4,1,23460912,20581937,LNS,no_local_search,300.000000,300.119100,12864.000000,960,11904,21.255538
ablation,32,4,1,23460912,20581937,LNS,no_probability_acceptance,300.000000,300.706700,11531.000000,908,10623,8.690734
ablation,32,4,1,23460912,20581937,LNS,destroy_ratio_0.15,300.000000,300.197100,10609.000000,902,9707,0.000000
ablation,32,4,1,23460912,20581937,LNS,destroy_ratio_0.45,300.000000,300.615700,11998.000000,942,11056,13.092657
ablation,32,4,2,23460912,20582946,LNS,full,300.000000,300.096500,11117.000000,902,10215,4.355581
ablation,32,4,2,23460912,20582946,LNS,no_regret,300.000000,300.724600,10729.000000,906,9823,0.713414
ablation,32,4,2,23460912,20582946,LNS,no_adaptive_weight,300.000000,300.701300,11068.000000,914,10154,3.895616
ablation,32,4,2,23460912,20582946,LNS,no_local_search,300.000000,301.438500,12709.000000,964,11745,19.299728
ablation,32,4,2,23460912,20582946,LNS,no_probability_acceptance,300.000000,300.799000,10975.000000,928,10047,3.022623
ablation,32,4,2,23460912,20582946,LNS,destroy_ratio_0.15,300.000000,300.349800,10653.000000,928,9725,0.000000
ablation,32,4,2,23460912,20582946,LNS,destroy_ratio_0.45,300.000000,302.317900,12296.000000,976,11320,15.422886
ablation,32,5,0,23461009,20581029,LNS,full,300.000000,300.263100,11514.000000,950,10564,2.858674
ablation,32,5,0,23461009,20581029,LNS,no_regret,300.000000,300.074900,11207.000000,966,10241,0.116134
ablation,32,5,0,23461009,20581029,LNS,no_adaptive_weight,300.000000,300.921800,11439.000000,948,10491,2.188673
ablation,32,5,0,23461009,20581029,LNS,no_local_search,300.000000,300.393500,13653.000000,1040,12613,21.967125
ablation,32,5,0,23461009,20581029,LNS,no_probability_acceptance,300.000000,300.765400,11437.000000,958,10479,2.170806
ablation,32,5,0,23461009,20581029,LNS,destroy_ratio_0.15,300.000000,301.660900,11194.000000,938,10256,0.000000
ablation,32,5,0,23461009,20581029,LNS,destroy_ratio_0.45,300.000000,301.594800,12388.000000,974,11414,10.666428
ablation,32,5,1,23461009,20582038,LNS,full,300.000000,301.033500,11632.000000,976,10656,5.238397
ablation,32,5,1,23461009,20582038,LNS,no_regret,300.000000,300.928000,11786.000000,996,10790,6.631684
ablation,32,5,1,23461009,20582038,LNS,no_adaptive_weight,300.000000,300.864300,11513.000000,962,10551,4.161766
ablation,32,5,1,23461009,20582038,LNS,no_local_search,300.000000,302.183600,13450.000000,1026,12424,21.686420
ablation,32,5,1,23461009,20582038,LNS,no_probability_acceptance,300.000000,300.812000,11613.000000,964,10649,5.066498
ablation,32,5,1,23461009,20582038,LNS,destroy_ratio_0.15,300.000000,300.233900,11053.000000,948,10105,0.000000
ablation,32,5,1,23461009,20582038,LNS,destroy_ratio_0.45,300.000000,300.959000,11869.000000,986,10883,7.382611
ablation,32,5,2,23461009,20583047,LNS,full,300.000000,300.828200,11474.000000,956,10518,2.483030
ablation,32,5,2,23461009,20583047,LNS,no_regret,300.000000,302.186300,11291.000000,962,10329,0.848517
ablation,32,5,2,23461009,20583047,LNS,no_adaptive_weight,300.000000,300.538000,11832.000000,978,10854,5.680600
ablation,32,5,2,23461009,20583047,LNS,no_local_search,300.000000,300.401600,12485.000000,1000,11485,11.513040
ablation,32,5,2,23461009,20583047,LNS,no_probability_acceptance,300.000000,300.659500,11788.000000,972,10816,5.287603
ablation,32,5,2,23461009,20583047,LNS,destroy_ratio_0.15,300.000000,300.134300,11196.000000,940,10256,0.000000
ablation,32,5,2,23461009,20583047,LNS,destroy_ratio_0.45,300.000000,300.251900,12378.000000,994,11384,10.557342
ablation,32,6,0,23461106,20581130,LNS,full,300.000000,301.668900,16050.000000,1280,14770,3.188890
ablation,32,6,0,23461106,20581130,LNS,no_regret,300.000000,300.124000,15554.000000,1268,14286,0.000000
ablation,32,6,0,23461106,20581130,LNS,no_adaptive_weight,300.000000,300.654200,15618.000000,1260,14358,0.411470
ablation,32,6,0,23461106,20581130,LNS,no_local_search,300.000000,300.092600,16456.000000,1304,15152,5.799151
ablation,32,6,0,23461106,20581130,LNS,no_probability_acceptance,300.000000,300.560100,15827.000000,1270,14557,1.755176
ablation,32,6,0,23461106,20581130,LNS,destroy_ratio_0.15,300.000000,300.162700,15829.000000,1276,14553,1.768034
ablation,32,6,0,23461106,20581130,LNS,destroy_ratio_0.45,300.000000,301.137700,16033.000000,1294,14739,3.079594
ablation,32,6,1,23461106,20582139,LNS,full,300.000000,300.600900,15664.000000,1266,14398,1.064585
ablation,32,6,1,23461106,20582139,LNS,no_regret,300.000000,300.845800,15710.000000,1270,14440,1.361378
ablation,32,6,1,23461106,20582139,LNS,no_adaptive_weight,300.000000,301.097000,15499.000000,1262,14237,0.000000
ablation,32,6,1,23461106,20582139,LNS,no_local_search,300.000000,301.786100,16819.000000,1294,15525,8.516678
ablation,32,6,1,23461106,20582139,LNS,no_probability_acceptance,300.000000,300.461600,16102.000000,1280,14822,3.890574
ablation,32,6,1,23461106,20582139,LNS,destroy_ratio_0.15,300.000000,300.711800,15511.000000,1260,14251,0.077424
ablation,32,6,1,23461106,20582139,LNS,destroy_ratio_0.45,300.000000,300.868900,16300.000000,1280,15020,5.168075
ablation,32,6,2,23461106,20583148,LNS,full,300.000000,300.534200,15636.000000,1286,14350,1.203883
ablation,32,6,2,23461106,20583148,LNS,no_regret,300.000000,300.423500,15450.000000,1260,14190,0.000000
ablation,32,6,2,23461106,20583148,LNS,no_adaptive_weight,300.000000,300.133800,16018.000000,1276,14742,3.676375
ablation,32,6,2,23461106,20583148,LNS,no_local_search,300.000000,300.405200,17057.000000,1300,15757,10.401294
ablation,32,6,2,23461106,20583148,LNS,no_probability_acceptance,300.000000,300.315000,15559.000000,1268,14291,0.705502
ablation,32,6,2,23461106,20583148,LNS,destroy_ratio_0.15,300.000000,300.644400,15479.000000,1266,14213,0.187702
ablation,32,6,2,23461106,20583148,LNS,destroy_ratio_0.45,300.000000,301.534300,17165.000000,1330,15835,11.100324
ablation,32,7,0,23461203,20581231,LNS,full,300.000000,300.482600,9721.000000,894,8827,0.433929
ablation,32,7,0,23461203,20581231,LNS,no_regret,300.000000,300.551600,9998.000000,894,9104,3.295795
ablation,32,7,0,23461203,20581231,LNS,no_adaptive_weight,300.000000,300.890900,9989.000000,892,9097,3.202810
ablation,32,7,0,23461203,20581231,LNS,no_local_search,300.000000,300.957800,10741.000000,940,9801,10.972208
ablation,32,7,0,23461203,20581231,LNS,no_probability_acceptance,300.000000,300.639400,10077.000000,906,9171,4.111995
ablation,32,7,0,23461203,20581231,LNS,destroy_ratio_0.15,300.000000,300.090100,9679.000000,894,8785,0.000000
ablation,32,7,0,23461203,20581231,LNS,destroy_ratio_0.45,300.000000,301.886700,10785.000000,944,9841,11.426800
ablation,32,7,1,23461203,20582240,LNS,full,300.000000,300.849000,9721.000000,894,8827,0.000000
ablation,32,7,1,23461203,20582240,LNS,no_regret,300.000000,301.024500,9767.000000,898,8869,0.473202
ablation,32,7,1,23461203,20582240,LNS,no_adaptive_weight,300.000000,301.148900,9937.000000,902,9035,2.221994
ablation,32,7,1,23461203,20582240,LNS,no_local_search,300.000000,301.086200,10753.000000,930,9823,10.616192
ablation,32,7,1,23461203,20582240,LNS,no_probability_acceptance,300.000000,301.390200,9746.000000,896,8850,0.257175
ablation,32,7,1,23461203,20582240,LNS,destroy_ratio_0.15,300.000000,300.156200,9821.000000,902,8919,1.028701
ablation,32,7,1,23461203,20582240,LNS,destroy_ratio_0.45,300.000000,301.007000,10555.000000,938,9617,8.579364
ablation,32,7,2,23461203,20583249,LNS,full,300.000000,300.861100,9866.000000,890,8976,0.172606
ablation,32,7,2,23461203,20583249,LNS,no_regret,300.000000,300.142400,9849.000000,888,8961,0.000000
ablation,32,7,2,23461203,20583249,LNS,no_adaptive_weight,300.000000,300.582000,9889.000000,902,8987,0.406133
ablation,32,7,2,23461203,20583249,LNS,no_local_search,300.000000,300.553700,10931.000000,940,9991,10.985887
ablation,32,7,2,23461203,20583249,LNS,no_probability_acceptance,300.000000,300.399700,10012.000000,904,9108,1.654990
ablation,32,7,2,23461203,20583249,LNS,destroy_ratio_0.15,300.000000,300.322300,9943.000000,908,9035,0.954412
ablation,32,7,2,23461203,20583249,LNS,destroy_ratio_0.45,300.000000,301.319100,10248.000000,904,9344,4.051173
ablation,32,8,0,23461300,20581332,LNS,full,300.000000,300.420700,13708.000000,1124,12584,4.721161
ablation,32,8,0,23461300,20581332,LNS,no_regret,300.000000,301.080200,13090.000000,1092,11998,0.000000
ablation,32,8,0,23461300,20581332,LNS,no_adaptive_weight,300.000000,300.945300,13145.000000,1090,12055,0.420168
ablation,32,8,0,23461300,20581332,LNS,no_local_search,300.000000,300.297400,14799.000000,1130,13669,13.055768
ablation,32,8,0,23461300,20581332,LNS,no_probability_acceptance,300.000000,300.396100,13331.000000,1110,12221,1.841100
ablation,32,8,0,23461300,20581332,LNS,destroy_ratio_0.15,300.000000,300.333600,13328.000000,1088,12240,1.818182
ablation,32,8,0,23461300,20581332,LNS,destroy_ratio_0.45,300.000000,303.529400,14202.000000,1096,13106,8.495034
ablation,32,8,1,23461300,20582341,LNS,full,300.000000,301.455700,13479.000000,1108,12371,3.453834
ablation,32,8,1,23461300,20582341,LNS,no_regret,300.000000,300.340500,13303.000000,1090,12213,2.103001
ablation,32,8,1,23461300,20582341,LNS,no_adaptive_weight,300.000000,300.669000,13701.000000,1104,12597,5.157725
ablation,32,8,1,23461300,20582341,LNS,no_local_search,300.000000,300.699900,14199.000000,1120,13079,8.979968
ablation,32,8,1,23461300,20582341,LNS,no_probability_acceptance,300.000000,301.291400,14064.000000,1120,12944,7.943818
ablation,32,8,1,23461300,20582341,LNS,destroy_ratio_0.15,300.000000,300.168400,13029.000000,1098,11931,0.000000
ablation,32,8,1,23461300,20582341,LNS,destroy_ratio_0.45,300.000000,300.422000,13663.000000,1122,12541,4.866068
ablation,32,8,2,23461300,20583350,LNS,full,300.000000,300.845200,13135.000000,1094,12041,0.489634
ablation,32,8,2,23461300,20583350,LNS,no_regret,300.000000,300.382600,13071.000000,1106,11965,0.000000
ablation,32,8,2,23461300,20583350,LNS,no_adaptive_weight,300.000000,301.070400,13454.000000,1100,12354,2.930151
ablation,32,8,2,23461300,20583350,LNS,no_local_search,300.000000,300.717200,14881.000000,1152,13729,13.847449
ablation,32,8,2,23461300,20583350,LNS,no_probability_acceptance,300.000000,300.299200,13153.000000,1086,12067,0.627343
ablation,32,8,2,23461300,20583350,LNS,destroy_ratio_0.15,300.000000,300.262100,13217.000000,1082,12135,1.116977
ablation,32,8,2,23461300,20583350,LNS,destroy_ratio_0.45,300.000000,300.769100,13459.000000,1122,12337,2.968403
ablation,32,9,0,23461397,20581433,LNS,full,300.000000,300.653500,10740.000000,876,9864,3.738047
ablation,32,9,0,23461397,20581433,LNS,no_regret,300.000000,300.363000,10353.000000,850,9503,0.000000
ablation,32,9,0,23461397,20581433,LNS,no_adaptive_weight,300.000000,300.572000,10879.000000,872,10007,5.080653
ablation,32,9,0,23461397,20581433,LNS,no_local_search,300.000000,300.110300,11469.000000,890,10579,10.779484
ablation,32,9,0,23461397,20581433,LNS,no_probability_acceptance,300.000000,300.976700,11405.000000,924,10481,10.161306
ablation,32,9,0,23461397,20581433,LNS,destroy_ratio_0.15,300.000000,300.327500,10367.000000,888,9479,0.135227
ablation,32,9,0,23461397,20581433,LNS,destroy_ratio_0.45,300.000000,303.534500,11603.000000,938,10665,12.073795
ablation,32,9,1,23461397,20582442,LNS,full,300.000000,300.706900,10743.000000,878,9865,3.606905
ablation,32,9,1,23461397,20582442,LNS,no_regret,300.000000,301.252200,10483.000000,862,9621,1.099431
ablation,32,9,1,23461397,20582442,LNS,no_adaptive_weight,300.000000,300.958100,10859.000000,878,9981,4.725624
ablation,32,9,1,23461397,20582442,LNS,no_local_search,300.000000,300.052200,11465.000000,904,10561,10.569968
ablation,32,9,1,23461397,20582442,LNS,no_probability_acceptance,300.000000,300.251700,11151.000000,894,10257,7.541711
ablation,32,9,1,23461397,20582442,LNS,destroy_ratio_0.15,300.000000,300.365200,10369.000000,862,9507,0.000000
ablation,32,9,1,23461397,20582442,LNS,destroy_ratio_0.45,300.000000,301.748300,10927.000000,920,10007,5.381425
ablation,32,9,2,23461397,20583451,LNS,full,300.000000,301.509700,10531.000000,862,9669,0.881310
ablation,32,9,2,23461397,20583451,LNS,no_regret,300.000000,300.287100,10439.000000,878,9561,0.000000
ablation,32,9,2,23461397,20583451,LNS,no_adaptive_weight,300.000000,300.985500,10604.000000,910,9694,1.580611
ablation,32,9,2,23461397,20583451,LNS,no_local_search,300.000000,300.060100,11397.000000,900,10497,9.177124
ablation,32,9,2,23461397,20583451,LNS,no_probability_acceptance,300.000000,300.811500,10809.000000,862,9947,3.544401
ablation,32,9,2,23461397,20583451,LNS,destroy_ratio_0.15,300.000000,300.309200,10565.000000,868,9697,1.207012
ablation,32,9,2,23461397,20583451,LNS,destroy_ratio_0.45,300.000000,300.858800,10901.000000,888,10013,4.425711
ablation,32,10,0,23461494,20581534,LNS,full,300.000000,300.961600,11615.000000,982,10633,4.564278
ablation,32,10,0,23461494,20581534,LNS,no_regret,300.000000,300.877300,11140.000000,988,10152,0.288081
ablation,32,10,0,23461494,20581534,LNS,no_adaptive_weight,300.000000,300.181200,11658.000000,990,10668,4.951386
ablation,32,10,0,23461494,20581534,LNS,no_local_search,300.000000,300.401500,12736.000000,1004,11732,14.656104
ablation,32,10,0,23461494,20581534,LNS,no_probability_acceptance,300.000000,300.659200,11424.000000,962,10462,2.844797
ablation,32,10,0,23461494,20581534,LNS,destroy_ratio_0.15,300.000000,300.222500,11108.000000,980,10128,0.000000
ablation,32,10,0,23461494,20581534,LNS,destroy_ratio_0.45,300.000000,302.708700,12785.000000,1040,11745,15.097227
ablation,32,10,1,23461494,20582543,LNS,full,300.000000,300.712200,11140.000000,988,10152,0.288081
ablation,32,10,1,23461494,20582543,LNS,no_regret,300.000000,300.849200,11120.000000,988,10132,0.108030
ablation,32,10,1,23461494,20582543,LNS,no_adaptive_weight,300.000000,301.008400,11972.000000,1032,10940,7.778178
ablation,32,10,1,23461494,20582543,LNS,no_local_search,300.000000,300.262500,12828.000000,998,11830,15.484336
ablation,32,10,1,23461494,20582543,LNS,no_probability_acceptance,300.000000,300.880800,11954.000000,1036,10918,7.616133
ablation,32,10,1,23461494,20582543,LNS,destroy_ratio_0.15,300.000000,300.043200,11108.000000,980,10128,0.000000
ablation,32,10,1,23461494,20582543,LNS,destroy_ratio_0.45,300.000000,302.732000,12004.000000,1038,10966,8.066259
ablation,32,10,2,23461494,20583552,LNS,full,300.000000,300.224300,11695.000000,996,10699,5.151951
ablation,32,10,2,23461494,20583552,LNS,no_regret,300.000000,300.832600,11122.000000,988,10134,0.000000
ablation,32,10,2,23461494,20583552,LNS,no_adaptive_weight,300.000000,300.791000,11911.000000,994,10917,7.094048
ablation,32,10,2,23461494,20583552,LNS,no_local_search,300.000000,301.663700,12857.000000,1028,11829,15.599712
ablation,32,10,2,23461494,20583552,LNS,no_probability_acceptance,300.000000,300.417200,11715.000000,1028,10687,5.331775
ablation,32,10,2,23461494,20583552,LNS,destroy_ratio_0.15,300.000000,300.139500,11536.000000,982,10554,3.722352
ablation,32,10,2,23461494,20583552,LNS,destroy_ratio_0.45,300.000000,300.182100,11786.000000,1010,10776,5.970149
ablation,32,11,0,23461591,20581635,LNS,full,300.000000,300.955700,11607.000000,932,10675,4.671296
ablation,32,11,0,23461591,20581635,LNS,no_regret,300.000000,300.522000,11145.000000,876,10269,0.505005
ablation,32,11,0,23461591,20581635,LNS,no_adaptive_weight,300.000000,301.218700,11682.000000,914,10768,5.347642
ablation,32,11,0,23461591,20581635,LNS,no_local_search,300.000000,302.791800,13273.000000,994,12279,19.695193
ablation,32,11,0,23461591,20581635,LNS,no_probability_acceptance,300.000000,300.288200,11431.000000,920,10511,3.084137
ablation,32,11,0,23461591,20581635,LNS,destroy_ratio_0.15,300.000000,300.007600,11089.000000,882,10207,0.000000
ablation,32,11,0,23461591,20581635,LNS,destroy_ratio_0.45,300.000000,300.384000,13103.000000,974,12129,18.162143
ablation,32,11,1,23461591,20582644,LNS,full,300.000000,300.114600,11311.000000,936,10375,2.556895
ablation,32,11,1,23461591,20582644,LNS,no_regret,300.000000,300.197400,11055.000000,872,10183,0.235742
ablation,32,11,1,23461591,20582644,LNS,no_adaptive_weight,300.000000,300.192600,11321.000000,888,10433,2.647566
ablation,32,11,1,23461591,20582644,LNS,no_local_search,300.000000,300.116700,12583.000000,906,11677,14.090126
ablation,32,11,1,23461591,20582644,LNS,no_probability_acceptance,300.000000,300.288100,12223.000000,920,11303,10.826004
ablation,32,11,1,23461591,20582644,LNS,destroy_ratio_0.15,300.000000,300.031400,11029.000000,872,10157,0.000000
ablation,32,11,1,23461591,20582644,LNS,destroy_ratio_0.45,300.000000,300.195200,11766.000000,938,10828,6.682383
ablation,32,11,2,23461591,20583653,LNS,full,300.000000,300.121000,11115.000000,872,10243,0.252548
ablation,32,11,2,23461591,20583653,LNS,no_regret,300.000000,300.185000,11175.000000,884,10291,0.793722
ablation,32,11,2,23461591,20583653,LNS,no_adaptive_weight,300.000000,300.035800,11717.000000,900,10817,5.682331
ablation,32,11,2,23461591,20583653,LNS,no_local_search,300.000000,300.251500,12694.000000,956,11738,14.494453
ablation,32,11,2,23461591,20583653,LNS,no_probability_acceptance,300.000000,300.187900,11583.000000,912,10671,4.473708
ablation,32,11,2,23461591,20583653,LNS,destroy_ratio_0.15,300.000000,300.036000,11087.000000,880,10207,0.000000
ablation,32,11,2,23461591,20583653,LNS,destroy_ratio_0.45,300.000000,300.157100,12187.000000,928,11259,9.921530
ablation,32,12,0,23461688,20581736,LNS,full,300.000000,300.162900,12692.000000,1086,11606,0.506810
ablation,32,12,0,23461688,20581736,LNS,no_regret,300.000000,300.502100,12628.000000,1092,11536,0.000000
ablation,32,12,0,23461688,20581736,LNS,no_adaptive_weight,300.000000,300.089600,12670.000000,1092,11578,0.332594
ablation,32,12,0,23461688,20581736,LNS,no_local_search,300.000000,300.024600,13722.000000,1134,12588,8.663288
ablation,32,12,0,23461688,20581736,LNS,no_probability_acceptance,300.000000,300.015300,12772.000000,1086,11686,1.140323
ablation,32,12,0,23461688,20581736,LNS,destroy_ratio_0.15,300.000000,300.110400,12668.000000,1090,11578,0.316756
ablation,32,12,0,23461688,20581736,LNS,destroy_ratio_0.45,300.000000,300.219700,13024.000000,1110,11914,3.135889
ablation,32,12,1,23461688,20582745,LNS,full,300.000000,300.168600,12704.000000,1086,11618,0.284181
ablation,32,12,1,23461688,20582745,LNS,no_regret,300.000000,300.198200,12906.000000,1108,11798,1.878750
ablation,32,12,1,23461688,20582745,LNS,no_adaptive_weight,300.000000,300.062200,12764.000000,1100,11664,0.757815
ablation,32,12,1,23461688,20582745,LNS,no_local_search,300.000000,300.235500,12944.000000,1100,11844,2.178718
ablation,32,12,1,23461688,20582745,LNS,no_probability_acceptance,300.000000,300.129200,12686.000000,1092,11594,0.142090
ablation,32,12,1,23461688,20582745,LNS,destroy_ratio_0.15,300.000000,300.053900,12668.000000,1090,11578,0.000000
ablation,32,12,1,23461688,20582745,LNS,destroy_ratio_0.45,300.000000,300.249400,13136.000000,1116,12020,3.694348
ablation,32,12,2,23461688,20583754,LNS,full,300.000000,300.107900,12698.000000,1086,11612,0.442968
ablation,32,12,2,23461688,20583754,LNS,no_regret,300.000000,300.022500,12684.000000,1088,11596,0.332226
ablation,32,12,2,23461688,20583754,LNS,no_adaptive_weight,300.000000,300.060400,12856.000000,1100,11756,1.692770
ablation,32,12,2,23461688,20583754,LNS,no_local_search,300.000000,300.260900,13778.000000,1114,12664,8.985920
ablation,32,12,2,23461688,20583754,LNS,no_probability_acceptance,300.000000,300.102300,12642.000000,1090,11552,0.000000
ablation,32,12,2,23461688,20583754,LNS,destroy_ratio_0.15,300.000000,300.051400,12646.000000,1092,11554,0.031641
ablation,32,12,2,23461688,20583754,LNS,destroy_ratio_0.45,300.000000,300.161200,12982.000000,1124,11858,2.689448
ablation,32,13,0,23461785,20581837,LNS,full,300.000000,300.300400,12797.000000,1036,11761,0.203586
ablation,32,13,0,23461785,20581837,LNS,no_regret,300.000000,300.135700,12813.000000,1044,11769,0.328870
ablation,32,13,0,23461785,20581837,LNS,no_adaptive_weight,300.000000,300.054300,12771.000000,1034,11737,0.000000
ablation,32,13,0,23461785,20581837,LNS,no_local_search,300.000000,300.005400,13407.000000,1050,12357,4.980033
ablation,32,13,0,23461785,20581837,LNS,no_probability_acceptance,300.000000,300.014200,13215.000000,1070,12145,3.476627
ablation,32,13,0,23461785,20581837,LNS,destroy_ratio_0.15,300.000000,300.061600,12919.000000,1044,11875,1.158876
ablation,32,13,0,23461785,20581837,LNS,destroy_ratio_0.45,300.000000,300.166400,12813.000000,1036,11777,0.328870
ablation,32,13,1,23461785,20582846,LNS,full,300.000000,300.029600,12735.000000,1034,11701,0.000000
ablation,32,13,1,23461785,20582846,LNS,no_regret,300.000000,300.294100,12817.000000,1046,11771,0.643895
ablation,32,13,1,23461785,20582846,LNS,no_adaptive_weight,300.000000,300.297500,12823.000000,1036,11787,0.691009
ablation,32,13,1,23461785,20582846,LNS,no_local_search,300.000000,300.127500,12969.000000,1038,11931,1.837456
ablation,32,13,1,23461785,20582846,LNS,no_probability_acceptance,300.000000,300.294400,12791.000000,1044,11747,0.439733
ablation,32,13,1,23461785,20582846,LNS,destroy_ratio_0.15,300.000000,300.026000,12735.000000,1034,11701,0.000000
ablation,32,13,1,23461785,20582846,LNS,destroy_ratio_0.45,300.000000,300.540500,13051.000000,1074,11977,2.481351
ablation,32,13,2,23461785,20583855,LNS,full,300.000000,300.075800,12745.000000,1034,11711,0.000000
ablation,32,13,2,23461785,20583855,LNS,no_regret,300.000000,300.060600,12767.000000,1046,11721,0.172617
ablation,32,13,2,23461785,20583855,LNS,no_adaptive_weight,300.000000,300.259100,12749.000000,1034,11715,0.031385
ablation,32,13,2,23461785,20583855,LNS,no_local_search,300.000000,300.064200,13115.000000,1050,12065,2.903099
ablation,32,13,2,23461785,20583855,LNS,no_probability_acceptance,300.000000,300.233300,12857.000000,1036,11821,0.878776
ablation,32,13,2,23461785,20583855,LNS,destroy_ratio_0.15,300.000000,300.039500,12793.000000,1040,11753,0.376618
ablation,32,13,2,23461785,20583855,LNS,destroy_ratio_0.45,300.000000,300.362700,12989.000000,1050,11939,1.914476
ablation,32,14,0,23461882,20581938,LNS,full,300.000000,300.081700,12103.000000,1000,11103,0.206988
ablation,32,14,0,23461882,20581938,LNS,no_regret,300.000000,300.033000,12146.000000,1016,11130,0.563007
ablation,32,14,0,23461882,20581938,LNS,no_adaptive_weight,300.000000,300.083400,12078.000000,1006,11072,0.000000
ablation,32,14,0,23461882,20581938,LNS,no_local_search,300.000000,300.140000,12898.000000,1026,11872,6.789204
ablation,32,14,0,23461882,20581938,LNS,no_probability_acceptance,300.000000,300.137200,12285.000000,1010,11275,1.713860
ablation,32,14,0,23461882,20581938,LNS,destroy_ratio_0.15,300.000000,300.081400,12564.000000,1046,11518,4.023845
ablation,32,14,0,23461882,20581938,LNS,destroy_ratio_0.45,300.000000,300.007300,12628.000000,1016,11612,4.553734
ablation,32,14,1,23461882,20582947,LNS,full,300.000000,300.065400,12092.000000,996,11096,1.230640
ablation,32,14,1,23461882,20582947,LNS,no_regret,300.000000,300.139800,11955.000000,998,10957,0.083717
ablation,32,14,1,23461882,20582947,LNS,no_adaptive_weight,300.000000,300.161200,12234.000000,1004,11230,2.419422
ablation,32,14,1,23461882,20582947,LNS,no_local_search,300.000000,300.147700,13038.000000,1026,12012,9.150272
ablation,32,14,1,23461882,20582947,LNS,no_probability_acceptance,300.000000,300.056000,12445.000000,1010,11435,4.185852
ablation,32,14,1,23461882,20582947,LNS,destroy_ratio_0.15,300.000000,300.029600,11945.000000,994,10951,0.000000
ablation,32,14,1,23461882,20582947,LNS,destroy_ratio_0.45,300.000000,300.114200,12967.000000,1038,11929,8.555881
ablation,32,14,2,23461882,20583956,LNS,full,300.000000,300.006000,12103.000000,1014,11089,1.765745
ablation,32,14,2,23461882,20583956,LNS,no_regret,300.000000,300.081000,11893.000000,986,10907,0.000000
ablation,32,14,2,23461882,20583956,LNS,no_adaptive_weight,300.000000,300.168100,12097.000000,998,11099,1.715295
ablation,32,14,2,23461882,20583956,LNS,no_local_search,300.000000,300.100800,13202.000000,1080,12122,11.006474
ablation,32,14,2,23461882,20583956,LNS,no_probability_acceptance,300.000000,300.054800,12073.000000,994,11079,1.513495
ablation,32,14,2,23461882,20583956,LNS,destroy_ratio_0.15,300.000000,300.066900,11900.000000,986,10914,0.058858
ablation,32,14,2,23461882,20583956,LNS,destroy_ratio_0.45,300.000000,300.426600,12409.000000,1028,11381,4.338687
ablation,32,15,0,23461979,20582039,LNS,full,300.000000,300.202200,11518.000000,952,10566,0.139106
ablation,32,15,0,23461979,20582039,LNS,no_regret,300.000000,300.321300,11502.000000,952,10550,0.000000
ablation,32,15,0,23461979,20582039,LNS,no_adaptive_weight,300.000000,300.120500,12124.000000,976,11148,5.407755
ablation,32,15,0,23461979,20582039,LNS,no_local_search,300.000000,300.099300,13295.000000,1056,12239,15.588593
ablation,32,15,0,23461979,20582039,LNS,no_probability_acceptance,300.000000,300.201700,11726.000000,960,10766,1.947487
ablation,32,15,0,23461979,20582039,LNS,destroy_ratio_0.15,300.000000,300.080400,11826.000000,982,10844,2.816901
ablation,32,15,0,23461979,20582039,LNS,destroy_ratio_0.45,300.000000,300.499700,12848.000000,1028,11820,11.702313
ablation,32,15,1,23461979,20583048,LNS,full,300.000000,300.095500,11530.000000,946,10584,0.000000
ablation,32,15,1,23461979,20583048,LNS,no_regret,300.000000,300.050000,12099.000000,1006,11093,4.934952
ablation,32,15,1,23461979,20583048,LNS,no_adaptive_weight,300.000000,300.186100,11536.000000,952,10584,0.052038
ablation,32,15,1,23461979,20583048,LNS,no_local_search,300.000000,300.122500,13475.000000,1050,12425,16.869037
ablation,32,15,1,23461979,20583048,LNS,no_probability_acceptance,300.000000,300.063700,11933.000000,988,10945,3.495230
ablation,32,15,1,23461979,20583048,LNS,destroy_ratio_0.15,300.000000,300.070600,11702.000000,976,10726,1.491761
ablation,32,15,1,23461979,20583048,LNS,destroy_ratio_0.45,300.000000,300.057100,12773.000000,1014,11759,10.780572
ablation,32,15,2,23461979,20584057,LNS,full,300.000000,300.138100,11504.000000,952,10552,0.278940
ablation,32,15,2,23461979,20584057,LNS,no_regret,300.000000,300.210300,11494.000000,946,10548,0.191771
ablation,32,15,2,23461979,20584057,LNS,no_adaptive_weight,300.000000,300.012000,11546.000000,970,10576,0.645049
ablation,32,15,2,23461979,20584057,LNS,no_local_search,300.000000,300.075200,12521.000000,990,11531,9.144003
ablation,32,15,2,23461979,20584057,LNS,no_probability_acceptance,300.000000,300.608800,11620.000000,960,10660,1.290098
ablation,32,15,2,23461979,20584057,LNS,destroy_ratio_0.15,300.000000,300.851100,11472.000000,946,10526,0.000000
ablation,32,15,2,23461979,20584057,LNS,destroy_ratio_0.45,300.000000,300.043800,12419.000000,1008,11411,8.254881
ablation,32,16,0,23462076,20582140,LNS,full,300.000000,300.440200,12886.000000,1030,11856,6.795956
ablation,32,16,0,23462076,20582140,LNS,no_regret,300.000000,300.997700,12066.000000,986,11080,0.000000
ablation,32,16,0,23462076,20582140,LNS,no_adaptive_weight,300.000000,300.444700,12948.000000,1048,11900,7.309796
ablation,32,16,0,23462076,20582140,LNS,no_local_search,300.000000,300.863600,13662.000000,1076,12586,13.227250
ablation,32,16,0,23462076,20582140,LNS,no_probability_acceptance,300.000000,300.944000,12998.000000,1048,11950,7.724184
ablation,32,16,0,23462076,20582140,LNS,destroy_ratio_0.15,300.000000,300.171200,12740.000000,1062,11678,5.585944
ablation,32,16,0,23462076,20582140,LNS,destroy_ratio_0.45,300.000000,303.095200,13316.000000,1050,12266,10.359688
ablation,32,16,1,23462076,20583149,LNS,full,300.000000,300.610300,12687.000000,1022,11665,6.336434
ablation,32,16,1,23462076,20583149,LNS,no_regret,300.000000,301.335300,12015.000000,984,11031,0.704048
ablation,32,16,1,23462076,20583149,LNS,no_adaptive_weight,300.000000,300.336300,12121.000000,992,11129,1.592490
ablation,32,16,1,23462076,20583149,LNS,no_local_search,300.000000,300.759200,14278.000000,1082,13196,19.671444
ablation,32,16,1,23462076,20583149,LNS,no_probability_acceptance,300.000000,300.224400,12561.000000,1010,11551,5.280362
ablation,32,16,1,23462076,20583149,LNS,destroy_ratio_0.15,300.000000,300.030600,11931.000000,986,10945,0.000000
ablation,32,16,1,23462076,20583149,LNS,destroy_ratio_0.45,300.000000,301.893700,13126.000000,1042,12084,10.015925
ablation,32,16,2,23462076,20584158,LNS,full,300.000000,301.195200,12878.000000,1052,11826,8.000671
ablation,32,16,2,23462076,20584158,LNS,no_regret,300.000000,300.878200,12417.000000,1008,11409,4.134519
ablation,32,16,2,23462076,20584158,LNS,no_adaptive_weight,300.000000,301.195800,12861.000000,1040,11821,7.858101
ablation,32,16,2,23462076,20584158,LNS,no_local_search,300.000000,300.520600,14098.000000,1084,13014,18.232137
ablation,32,16,2,23462076,20584158,LNS,no_probability_acceptance,300.000000,300.998900,13026.000000,1068,11958,9.241865
ablation,32,16,2,23462076,20584158,LNS,destroy_ratio_0.15,300.000000,300.755000,11924.000000,984,10940,0.000000
ablation,32,16,2,23462076,20584158,LNS,destroy_ratio_0.45,300.000000,300.458500,13396.000000,1030,12366,12.344851
ablation,32,17,0,23462173,20582241,LNS,full,300.000000,300.802300,11157.000000,924,10233,1.658314
ablation,32,17,0,23462173,20582241,LNS,no_regret,300.000000,300.415400,11184.000000,894,10290,1.904328
ablation,32,17,0,23462173,20582241,LNS,no_adaptive_weight,300.000000,300.084900,11234.000000,908,10326,2.359909
ablation,32,17,0,23462173,20582241,LNS,no_local_search,300.000000,300.948300,12138.000000,950,11188,10.596811
ablation,32,17,0,23462173,20582241,LNS,no_probability_acceptance,300.000000,300.370700,11211.000000,904,10307,2.150342
ablation,32,17,0,23462173,20582241,LNS,destroy_ratio_0.15,300.000000,300.134200,10975.000000,888,10087,0.000000
ablation,32,17,0,23462173,20582241,LNS,destroy_ratio_0.45,300.000000,300.802700,11649.000000,928,10721,6.141230
ablation,32,17,1,23462173,20583250,LNS,full,300.000000,300.203700,11196.000000,908,10288,0.983133
ablation,32,17,1,23462173,20583250,LNS,no_regret,300.000000,301.104800,11192.000000,894,10298,0.947055
ablation,32,17,1,23462173,20583250,LNS,no_adaptive_weight,300.000000,300.213400,11087.000000,894,10193,0.000000
ablation,32,17,1,23462173,20583250,LNS,no_local_search,300.000000,300.847200,12480.000000,940,11540,12.564264
ablation,32,17,1,23462173,20583250,LNS,no_probability_acceptance,300.000000,300.378800,11819.000000,936,10883,6.602327
ablation,32,17,1,23462173,20583250,LNS,destroy_ratio_0.15,300.000000,300.181900,11093.000000,920,10173,0.054117
ablation,32,17,1,23462173,20583250,LNS,destroy_ratio_0.45,300.000000,301.037200,11854.000000,936,10918,6.918012
ablation,32,17,2,23462173,20584259,LNS,full,300.000000,300.843400,11153.000000,898,10255,1.584844
ablation,32,17,2,23462173,20584259,LNS,no_regret,300.000000,300.263600,11189.000000,902,10287,1.912743
ablation,32,17,2,23462173,20584259,LNS,no_adaptive_weight,300.000000,300.510500,11260.000000,912,10348,2.559432
ablation,32,17,2,23462173,20584259,LNS,no_local_search,300.000000,300.523500,12335.000000,938,11397,12.350852
ablation,32,17,2,23462173,20584259,LNS,no_probability_acceptance,300.000000,300.650200,11752.000000,930,10822,7.040714
ablation,32,17,2,23462173,20584259,LNS,destroy_ratio_0.15,300.000000,300.266800,10979.000000,888,10091,0.000000
ablation,32,17,2,23462173,20584259,LNS,destroy_ratio_0.45,300.000000,302.390200,11719.000000,918,10801,6.740140
ablation,32,18,0,23462270,20582342,LNS,full,300.000000,301.275000,10920.000000,964,9956,3.990096
ablation,32,18,0,23462270,20582342,LNS,no_regret,300.000000,300.471100,10769.000000,942,9827,2.552138
ablation,32,18,0,23462270,20582342,LNS,no_adaptive_weight,300.000000,300.218100,10968.000000,932,10036,4.447196
ablation,32,18,0,23462270,20582342,LNS,no_local_search,300.000000,300.483600,12071.000000,954,11117,14.950957
ablation,32,18,0,23462270,20582342,LNS,no_probability_acceptance,300.000000,300.149100,10866.000000,964,9902,3.475859
ablation,32,18,0,23462270,20582342,LNS,destroy_ratio_0.15,300.000000,300.158800,10501.000000,922,9579,0.000000
ablation,32,18,0,23462270,20582342,LNS,destroy_ratio_0.45,300.000000,301.287200,11460.000000,996,10464,9.132464
ablation,32,18,1,23462270,20583351,LNS,full,300.000000,300.336800,11298.000000,960,10338,6.144307
ablation,32,18,1,23462270,20583351,LNS,no_regret,300.000000,300.771200,10666.000000,936,9730,0.206689
ablation,32,18,1,23462270,20583351,LNS,no_adaptive_weight,300.000000,300.299400,10644.000000,928,9716,0.000000
ablation,32,18,1,23462270,20583351,LNS,no_local_search,300.000000,300.867400,12269.000000,1002,11267,15.266817
ablation,32,18,1,23462270,20583351,LNS,no_probability_acceptance,300.000000,300.627100,11042.000000,966,10076,3.739196
ablation,32,18,1,23462270,20583351,LNS,destroy_ratio_0.15,300.000000,301.428100,10650.000000,928,9722,0.056370
ablation,32,18,1,23462270,20583351,LNS,destroy_ratio_0.45,300.000000,300.873200,11589.000000,1012,10577,8.878241
ablation,32,18,2,23462270,20584360,LNS,full,300.000000,300.067400,10759.000000,940,9819,2.868343
ablation,32,18,2,23462270,20584360,LNS,no_regret,300.000000,300.038800,10642.000000,932,9710,1.749689
ablation,32,18,2,23462270,20584360,LNS,no_adaptive_weight,300.000000,300.112600,10744.000000,932,9812,2.724926
ablation,32,18,2,23462270,20584360,LNS,no_local_search,300.000000,300.215600,11501.000000,954,10547,9.962712
ablation,32,18,2,23462270,20584360,LNS,no_probability_acceptance,300.000000,300.250400,10503.000000,926,9577,0.420690
ablation,32,18,2,23462270,20584360,LNS,destroy_ratio_0.15,300.000000,300.029600,10459.000000,918,9541,0.000000
ablation,32,18,2,23462270,20584360,LNS,destroy_ratio_0.45,300.000000,301.005500,11121.000000,952,10169,6.329477
ablation,32,19,0,23462367,20582443,LNS,full,300.000000,300.142000,11803.000000,1030,10773,1.881744
ablation,32,19,0,23462367,20582443,LNS,no_regret,300.000000,300.332400,11857.000000,1018,10839,2.347864
ablation,32,19,0,23462367,20582443,LNS,no_adaptive_weight,300.000000,300.015300,11585.000000,986,10599,0.000000
ablation,32,19,0,23462367,20582443,LNS,no_local_search,300.000000,300.027800,12667.000000,1030,11637,9.339663
ablation,32,19,0,23462367,20582443,LNS,no_probability_acceptance,300.000000,300.091100,11822.000000,1028,10794,2.045749
ablation,32,19,0,23462367,20582443,LNS,destroy_ratio_0.15,300.000000,300.022800,11854.000000,1020,10834,2.321968
ablation,32,19,0,23462367,20582443,LNS,destroy_ratio_0.45,300.000000,300.422400,11989.000000,1018,10971,3.487268
ablation,32,19,1,23462367,20583452,LNS,full,300.000000,300.193700,11806.000000,1000,10806,1.182722
ablation,32,19,1,23462367,20583452,LNS,no_regret,300.000000,300.229100,11668.000000,994,10674,0.000000
ablation,32,19,1,23462367,20583452,LNS,no_adaptive_weight,300.000000,300.043000,11857.000000,1012,10845,1.619815
ablation,32,19,1,23462367,20583452,LNS,no_local_search,300.000000,300.305900,12396.000000,1044,11352,6.239287
ablation,32,19,1,23462367,20583452,LNS,no_probability_acceptance,300.000000,300.185500,12115.000000,1020,11095,3.830991
ablation,32,19,1,23462367,20583452,LNS,destroy_ratio_0.15,300.000000,300.048300,11696.000000,998,10698,0.239973
ablation,32,19,1,23462367,20583452,LNS,destroy_ratio_0.45,300.000000,300.441000,12141.000000,1034,11107,4.053822
ablation,32,19,2,23462367,20584461,LNS,full,300.000000,300.070900,11953.000000,1030,10923,2.636098
ablation,32,19,2,23462367,20584461,LNS,no_regret,300.000000,300.056600,11696.000000,1008,10688,0.429332
ablation,32,19,2,23462367,20584461,LNS,no_adaptive_weight,300.000000,300.068900,11733.000000,1018,10715,0.747038
ablation,32,19,2,23462367,20584461,LNS,no_local_search,300.000000,300.136700,12614.000000,1040,11574,8.311867
ablation,32,19,2,23462367,20584461,LNS,no_probability_acceptance,300.000000,300.136200,12094.000000,1016,11078,3.846814
ablation,32,19,2,23462367,20584461,LNS,destroy_ratio_0.15,300.000000,300.106700,11646.000000,992,10654,0.000000
ablation,32,19,2,23462367,20584461,LNS,destroy_ratio_0.45,300.000000,301.443700,12574.000000,1032,11542,7.968401
